Changes made at Thu Nov 20 10:25:58 UTC 2025
Changes made at Thu Nov 20 12:25:24 UTC 2025
Changes made at Thu Nov 20 14:24:10 UTC 2025
Changes made at Thu Nov 20 16:31:14 UTC 2025
Changes made at Fri Nov 21 08:32:58 UTC 2025
Changes made at Fri Nov 21 10:24:55 UTC 2025
Changes made at Fri Nov 21 14:22:35 UTC 2025
Changes made at Fri Nov 21 16:28:56 UTC 2025
Changes made at Sat Nov 22 08:28:18 UTC 2025
Changes made at Sat Nov 22 10:22:22 UTC 2025
Changes made at Sat Nov 22 14:19:12 UTC 2025
Changes made at Sat Nov 22 16:26:43 UTC 2025
Changes made at Sun Nov 23 08:28:42 UTC 2025
Changes made at Sun Nov 23 10:22:15 UTC 2025
Changes made at Sun Nov 23 14:19:18 UTC 2025
Changes made at Sun Nov 23 16:26:45 UTC 2025
Changes made at Mon Nov 24 08:34:14 UTC 2025
Changes made at Mon Nov 24 10:27:31 UTC 2025
Changes made at Mon Nov 24 14:24:37 UTC 2025
Changes made at Mon Nov 24 16:27:09 UTC 2025
Changes made at Tue Nov 25 08:33:09 UTC 2025
Changes made at Tue Nov 25 10:28:18 UTC 2025
